{
    "model_name": "P2P-Server-RL-Agent",
    "version": 1.0,
    "creation_date": "2025-07-29T09:17:08.372301",
    "bin_edges": {
        "latency": [
            15.0,
            77.0,
            141.0,
            386.0,
            3993.0
        ],
        "loss": [
            0.0,
            0.6,
            2.67,
            14.99
        ],
        "bandwidth": [
            1.0,
            12.385,
            33.019999999999996,
            77.4225,
            299.64
        ]
    },
    "q_table": {
        "lat_3_loss_2_bw_0_cellular": {
            "0": 0.2499999999999999,
            "1": 0.40558074463532995
        },
        "lat_0_loss_0_bw_3_wifi": {
            "0": 0.9956204107904633,
            "1": 0.7499999999999996
        },
        "lat_3_loss_2_bw_0_wifi": {
            "0": 0.2499999999999999,
            "1": 0.3467132582319873
        },
        "lat_0_loss_0_bw_3_cellular": {
            "0": 0.7932102746833959,
            "1": 0.7499999999999996
        },
        "lat_3_loss_2_bw_1_wifi": {
            "0": 0.2499999999999999,
            "1": 0.364756270148044
        },
        "lat_1_loss_1_bw_1_cellular": {
            "0": 0.4915430240812467,
            "1": 0.7499999999999996
        },
        "lat_2_loss_1_bw_1_cellular": {
            "0": 0.4482962980982273,
            "1": 0.7499999999999996
        },
        "lat_0_loss_0_bw_2_cellular": {
            "0": 0.7499999999999996,
            "1": 0.7499999999999996
        },
        "lat_1_loss_2_bw_2_cellular": {
            "0": 0.4999999999999998,
            "1": 0.7499999999999996
        },
        "lat_2_loss_1_bw_0_wifi": {
            "0": 0.2499999999999999,
            "1": 0.44291482079564953
        },
        "lat_1_loss_0_bw_2_wifi": {
            "0": 0.6227332841464877,
            "1": 0.7499999999999996
        },
        "lat_0_loss_0_bw_2_wifi": {
            "0": 0.7074571974665043,
            "1": 0.7499999999999996
        },
        "lat_1_loss_1_bw_2_wifi": {
            "0": 0.6628545707258279,
            "1": 0.7499999999999996
        },
        "lat_2_loss_0_bw_1_cellular": {
            "0": 0.41391876425631324,
            "1": 0.7499999999999996
        },
        "lat_2_loss_2_bw_1_wifi": {
            "0": 0.29007361738681653,
            "1": 0.7492270289573146
        },
        "lat_1_loss_1_bw_1_wifi": {
            "0": 0.4999999999999998,
            "1": 0.7499999999999996
        },
        "lat_1_loss_1_bw_3_wifi": {
            "0": 0.6281407486781739,
            "1": 0.7499999999999996
        },
        "lat_2_loss_2_bw_2_cellular": {
            "0": 0.4999999999999998,
            "1": 0.7499999999999996
        },
        "lat_2_loss_1_bw_1_wifi": {
            "0": 0.2993749250330688,
            "1": 0.7499999999999996
        },
        "lat_2_loss_2_bw_0_cellular": {
            "0": 0.2499999999999999,
            "1": 0.3603283871639789
        },
        "lat_2_loss_2_bw_0_wifi": {
            "0": 0.2499999999999999,
            "1": 0.45022268017082256
        },
        "lat_2_loss_1_bw_2_cellular": {
            "0": 0.4999999999999998,
            "1": 0.7499999999999996
        },
        "lat_1_loss_1_bw_2_cellular": {
            "0": 0.5202502396460484,
            "1": 0.7499999999999996
        },
        "lat_3_loss_2_bw_2_wifi": {
            "0": 0.2499999999999999,
            "1": 0.28762541665492236
        },
        "lat_1_loss_0_bw_3_wifi": {
            "0": 0.70472880637588,
            "1": 0.7499999999999996
        },
        "lat_3_loss_1_bw_1_wifi": {
            "0": 0.2499999999999999,
            "1": 0.4514059851964283
        },
        "lat_1_loss_0_bw_1_wifi": {
            "0": 0.4999999999999998,
            "1": 0.7499999999999996
        },
        "lat_2_loss_2_bw_1_cellular": {
            "0": 0.47501623963324763,
            "1": 0.7499999999999996
        },
        "lat_1_loss_0_bw_1_cellular": {
            "0": 0.4366869491772192,
            "1": 0.7499999999999996
        },
        "lat_2_loss_0_bw_2_cellular": {
            "0": 0.4999999999999998,
            "1": 0.7499999999999996
        },
        "lat_1_loss_0_bw_3_cellular": {
            "0": 0.7499999999999996,
            "1": 0.7499999999999996
        },
        "lat_1_loss_1_bw_0_cellular": {
            "0": 0.2499999999999999,
            "1": 0.7499999999999996
        },
        "lat_0_loss_1_bw_3_wifi": {
            "0": 0.7499999999999996,
            "1": 0.7499999999999996
        },
        "lat_0_loss_1_bw_2_wifi": {
            "0": 0.7185788310245369,
            "1": 0.7499999999999996
        },
        "lat_3_loss_1_bw_0_wifi": {
            "0": 0.2499999999999999,
            "1": 0.36783943887491194
        },
        "lat_2_loss_0_bw_2_wifi": {
            "0": 0.4999999999999998,
            "1": 0.7499999999999996
        },
        "lat_2_loss_1_bw_3_wifi": {
            "0": 0.4999999999999998,
            "1": 0.7499999999999996
        },
        "lat_1_loss_0_bw_2_cellular": {
            "0": 0.659434406196723,
            "1": 0.7499999999999996
        },
        "lat_1_loss_2_bw_0_cellular": {
            "0": 0.2499999999999999,
            "1": 0.7499999999999996
        },
        "lat_3_loss_0_bw_1_wifi": {
            "0": 0.2499999999999999,
            "1": 0.2499999999999999
        },
        "lat_2_loss_1_bw_2_wifi": {
            "0": 0.4999999999999998,
            "1": 0.7499999999999996
        },
        "lat_2_loss_1_bw_0_cellular": {
            "0": 0.2499999999999999,
            "1": 0.7499999999999996
        },
        "lat_0_loss_0_bw_1_wifi": {
            "0": 0.4999999999999998,
            "1": 0.7499999999999996
        },
        "lat_1_loss_2_bw_1_cellular": {
            "0": 0.4830686947875469,
            "1": 0.7499999999999996
        },
        "lat_3_loss_1_bw_2_wifi": {
            "0": 0.2499999999999999,
            "1": 0.2499999999999999
        },
        "lat_2_loss_0_bw_3_wifi": {
            "0": 0.4999999999999998,
            "1": 0.7499999999999996
        },
        "lat_0_loss_1_bw_1_wifi": {
            "0": 0.4999999999999998,
            "1": 0.7499999999999996
        },
        "lat_3_loss_0_bw_2_wifi": {
            "0": 0.2499999999999999,
            "1": 0.2499999999999999
        },
        "lat_2_loss_0_bw_1_wifi": {
            "0": 0.4999999999999998,
            "1": 0.7499999999999996
        },
        "lat_3_loss_0_bw_0_wifi": {
            "0": 0.2499999999999999,
            "1": 0.2499999999999999
        },
        "lat_1_loss_0_bw_0_cellular": {
            "0": 0.2499999999999999,
            "1": 0.0
        },
        "lat_2_loss_0_bw_0_cellular": {
            "0": 0.2499999999999999,
            "1": 0.0
        }
    }
}